{
  "commit": "4893083ec3d44615834314b28dde53a9b167ec03",
  "benchmarkResults": {
    "BenchmarkContainerCreate": {
      "testName": "BenchmarkContainerCreate",
      "numberOfTests": 10,
      "testsRun": 10,
      "stdDev": 0.002024655915842344,
      "mean": 0.015464227,
      "min": 0.01231163,
      "pct25": 0.013945778499999999,
      "pct50": 0.014770446,
      "pct75": 0.016307619000000002,
      "pct90": 0.018643407,
      "max": 0.018872337
    },
    "BenchmarkGetImage": {
      "testName": "BenchmarkGetImage",
      "numberOfTests": 10,
      "testsRun": 10,
      "stdDev": 0.020593846994820666,
      "mean": 0.21669285680000003,
      "min": 0.186423102,
      "pct25": 0.19938031950000001,
      "pct50": 0.212856644,
      "pct75": 0.2230098945,
      "pct90": 0.234741029,
      "max": 0.263912137
    },
    "BenchmarkRandom": {
      "testName": "BenchmarkRandom",
      "numberOfTests": 10,
      "testsRun": 10,
      "stdDev": 0.17319685706759455,
      "mean": 0.2781202316,
      "min": 0.050162169,
      "pct25": 0.085103926,
      "pct50": 0.230102286,
      "pct75": 0.43012538499999997,
      "pct90": 0.480110217,
      "max": 0.480152345
    }
  }
}