{
 "commitHistory": [
  {
   "commit": "a28ef2035c226433d5652bc55f6c16e1c4f4b3b9",
   "benchmarkTests": [
    {
     "testName": "BenchmarkExample",
     "numberOfTests": 100,
     "testsRun": 100,
     "stdDev": 0.04195513397009331,
     "mean": 0.20546035199999998,
     "min": 0.163587208,
     "pct25": 0.183816071,
     "pct50": 0.193919086,
     "pct75": 0.212723167,
     "pct90": 0.239507175,
     "max": 0.424785023
    }
   ]
  }
 ]
}